epoch,lr-Adam,step,train_loss_epoch
,0.0015,0,
0,,1,11.12556266784668
,0.00135,2,
1,,3,10.672280311584473
,0.0012150000000000002,4,
