epoch,lr-Adam,step,train_loss_epoch
,0.0015,0,
0,,1,11.902244567871094
,0.00135,2,
1,,3,7.622682094573975
,0.0012150000000000002,4,
