epoch,step,train_loss_epoch
0,8,14.36780071258545
1,17,14.36780071258545
2,26,14.36780071258545
