epoch,step,train_loss_epoch,train_loss_step
0,8,11.623236656188965,
1,17,11.623236656188965,
2,26,11.623236656188965,
3,35,11.623236656188965,
4,44,11.623236656188965,
5,49,,11.255861282348633
5,53,11.623236656188965,
6,62,11.623236656188965,
